"0","# Create all combinations of id and week"
"0","all_ids <- unique(data_merged$id)"
"0","all_weeks <- 1:11  "
"0","complete_grid <- expand.grid(id = all_ids, week = all_weeks)"
"0",""
"0","# Merge the original data with the complete grid, missing weeks will be shown as NA"
"0","data_complete <- complete_grid |>"
"0","  left_join(data_merged, by = c(""id"", ""week"")) |>"
"0","  group_by(week) |>"
"0","  mutate("
"0","    date = if_else(is.na(date), "
"0","                   first(date[!is.na(date)]),  "
"0","                   date)"
"0","  ) |>"
"0","  ungroup()"
"0",""
"0","# 3. Use regression imputation to complete the missing enjoy and difficulty value"
"0","# Check for missing values"
"0","missing_summary <- colSums(is.na(data_complete))"
"0","cat(""Missing values before imputation:\n"")"
"1","Missing values before imputation:
"
"0","print(missing_summary)"
"1","        id "
"1","      week "
"1","      date "
"1","     enjoy "
"1","difficulty "
"1","
"
"1","         0 "
"1","         0 "
"1","         0 "
"1","        94 "
"1","        94 "
"1","
"
"0","# Using mice for regression imputation"
"0","if (sum(missing_summary[c(""enjoy"", ""difficulty"")]) > 0) {"
"0","  imputed_data <- mice(data_complete, "
"0","                       m = 5,           "
"0","                       method = ""pmm"",  "
"0","                       maxit = 50,      "
"0","                       seed = 500)      "
"0","  data_final <- complete(imputed_data, 1)"
"0","  cat(""\nMissing values after imputation:\n"")"
"0","  print(colSums(is.na(data_final)))"
"0","} else {"
"0","  data_final <- data_complete"
"0","  cat(""\nNo missing values to impute in enjoy or difficulty.\n"")"
"0","}"
"1","
 iter imp variable"
"1","
 "
"1"," "
"1","1"
"1"," "
"1"," "
"1"," "
"1","1"
"1"," "
"1"," "
"1","enjoy"
"1"," "
"1"," "
"1","difficulty"
"1","
 "
"1"," "
"1","1"
"1"," "
"1"," "
"1"," "
"1","2"
"1"," "
"1"," "
"1","enjoy"
"1"," "
"1"," "
"1","difficulty"
"1","
 "
"1"," "
"1","1"
"1"," "
"1"," "
"1"," "
"1","3"
"1"," "
"1"," "
"1","enjoy"
"1"," "
"1"," "
"1","difficulty"
"1","
 "
"1"," "
"1","1"
"1"," "
"1"," "
"1"," "
"1","4"
"1"," "
"1"," "
"1","enjoy"
"1"," "
"1"," "
"1","difficulty"
"1","
 "
"1"," "
"1","1"
"1"," "
"1"," "
"1"," "
"1","5"
"1"," "
"1"," "
"1","enjoy"
"1"," "
"1"," "
"1","difficulty"
"1","
 "
"1"," "
"1","2"
"1"," "
"1"," "
"1"," "
"1","1"
"1"," "
"1"," "
"1","enjoy"
"1"," "
"1"," "
"1","difficulty"
"1","
 "
"1"," "
"1","2"
"1"," "
"1"," "
"1"," "
"1","2"
"1"," "
"1"," "
"1","enjoy"
"1"," "
"1"," "
"1","difficulty"
"1","
 "
"1"," "
"1","2"
"1"," "
"1"," "
"1"," "
"1","3"
"1"," "
"1"," "
"1","enjoy"
"1"," "
"1"," "
"1","difficulty"
"1","
 "
"1"," "
"1","2"
"1"," "
"1"," "
"1"," "
"1","4"
"1"," "
"1"," "
"1","enjoy"
"1"," "
"1"," "
"1","difficulty"
"1","
 "
"1"," "
"1","2"
"1"," "
"1"," "
"1"," "
"1","5"
"1"," "
"1"," "
"1","enjoy"
"1"," "
"1"," "
"1","difficulty"
"1","
 "
"1"," "
"1","3"
"1"," "
"1"," "
"1"," "
"1","1"
"1"," "
"1"," "
"1","enjoy"
"1"," "
"1"," "
"1","difficulty"
"1","
 "
"1"," "
"1","3"
"1"," "
"1"," "
"1"," "
"1","2"
"1"," "
"1"," "
"1","enjoy"
"1"," "
"1"," "
"1","difficulty"
"1","
 "
"1"," "
"1","3"
"1"," "
"1"," "
"1"," "
"1","3"
"1"," "
"1"," "
"1","enjoy"
"1"," "
"1"," "
"1","difficulty"
"1","
 "
"1"," "
"1","3"
"1"," "
"1"," "
"1"," "
"1","4"
"1"," "
"1"," "
"1","enjoy"
"1"," "
"1"," "
"1","difficulty"
"1","
 "
"1"," "
"1","3"
"1"," "
"1"," "
"1"," "
"1","5"
"1"," "
"1"," "
"1","enjoy"
"1"," "
"1"," "
"1","difficulty"
"1","
 "
"1"," "
"1","4"
"1"," "
"1"," "
"1"," "
"1","1"
"1"," "
"1"," "
"1","enjoy"
"1"," "
"1"," "
"1","difficulty"
"1","
 "
"1"," "
"1","4"
"1"," "
"1"," "
"1"," "
"1","2"
"1"," "
"1"," "
"1","enjoy"
"1"," "
"1"," "
"1","difficulty"
"1","
 "
"1"," "
"1","4"
"1"," "
"1"," "
"1"," "
"1","3"
"1"," "
"1"," "
"1","enjoy"
"1"," "
"1"," "
"1","difficulty"
"1","
 "
"1"," "
"1","4"
"1"," "
"1"," "
"1"," "
"1","4"
"1"," "
"1"," "
"1","enjoy"
"1"," "
"1"," "
"1","difficulty"
"1","
 "
"1"," "
"1","4"
"1"," "
"1"," "
"1"," "
"1","5"
"1"," "
"1"," "
"1","enjoy"
"1"," "
"1"," "
"1","difficulty"
"1","
 "
"1"," "
"1","5"
"1"," "
"1"," "
"1"," "
"1","1"
"1"," "
"1"," "
"1","enjoy"
"1"," "
"1"," "
"1","difficulty"
"1","
 "
"1"," "
"1","5"
"1"," "
"1"," "
"1"," "
"1","2"
"1"," "
"1"," "
"1","enjoy"
"1"," "
"1"," "
"1","difficulty"
"1","
 "
"1"," "
"1","5"
"1"," "
"1"," "
"1"," "
"1","3"
"1"," "
"1"," "
"1","enjoy"
"1"," "
"1"," "
"1","difficulty"
"1","
 "
"1"," "
"1","5"
"1"," "
"1"," "
"1"," "
"1","4"
"1"," "
"1"," "
"1","enjoy"
"1"," "
"1"," "
"1","difficulty"
"1","
 "
"1"," "
"1","5"
"1"," "
"1"," "
"1"," "
"1","5"
"1"," "
"1"," "
"1","enjoy"
"1"," "
"1"," "
"1","difficulty"
"1","
 "
"1"," "
"1","6"
"1"," "
"1"," "
"1"," "
"1","1"
"1"," "
"1"," "
"1","enjoy"
"1"," "
"1"," "
"1","difficulty"
"1","
 "
"1"," "
"1","6"
"1"," "
"1"," "
"1"," "
"1","2"
"1"," "
"1"," "
"1","enjoy"
"1"," "
"1"," "
"1","difficulty"
"1","
 "
"1"," "
"1","6"
"1"," "
"1"," "
"1"," "
"1","3"
"1"," "
"1"," "
"1","enjoy"
"1"," "
"1"," "
"1","difficulty"
"1","
 "
"1"," "
"1","6"
"1"," "
"1"," "
"1"," "
"1","4"
"1"," "
"1"," "
"1","enjoy"
"1"," "
"1"," "
"1","difficulty"
"1","
 "
"1"," "
"1","6"
"1"," "
"1"," "
"1"," "
"1","5"
"1"," "
"1"," "
"1","enjoy"
"1"," "
"1"," "
"1","difficulty"
"1","
 "
"1"," "
"1","7"
"1"," "
"1"," "
"1"," "
"1","1"
"1"," "
"1"," "
"1","enjoy"
"1"," "
"1"," "
"1","difficulty"
"1","
 "
"1"," "
"1","7"
"1"," "
"1"," "
"1"," "
"1","2"
"1"," "
"1"," "
"1","enjoy"
"1"," "
"1"," "
"1","difficulty"
"1","
 "
"1"," "
"1","7"
"1"," "
"1"," "
"1"," "
"1","3"
"1"," "
"1"," "
"1","enjoy"
"1"," "
"1"," "
"1","difficulty"
"1","
 "
"1"," "
"1","7"
"1"," "
"1"," "
"1"," "
"1","4"
"1"," "
"1"," "
"1","enjoy"
"1"," "
"1"," "
"1","difficulty"
"1","
 "
"1"," "
"1","7"
"1"," "
"1"," "
"1"," "
"1","5"
"1"," "
"1"," "
"1","enjoy"
"1"," "
"1"," "
"1","difficulty"
"1","
 "
"1"," "
"1","8"
"1"," "
"1"," "
"1"," "
"1","1"
"1"," "
"1"," "
"1","enjoy"
"1"," "
"1"," "
"1","difficulty"
"1","
 "
"1"," "
"1","8"
"1"," "
"1"," "
"1"," "
"1","2"
"1"," "
"1"," "
"1","enjoy"
"1"," "
"1"," "
"1","difficulty"
"1","
 "
"1"," "
"1","8"
"1"," "
"1"," "
"1"," "
"1","3"
"1"," "
"1"," "
"1","enjoy"
"1"," "
"1"," "
"1","difficulty"
"1","
 "
"1"," "
"1","8"
"1"," "
"1"," "
"1"," "
"1","4"
"1"," "
"1"," "
"1","enjoy"
"1"," "
"1"," "
"1","difficulty"
"1","
 "
"1"," "
"1","8"
"1"," "
"1"," "
"1"," "
"1","5"
"1"," "
"1"," "
"1","enjoy"
"1"," "
"1"," "
"1","difficulty"
"1","
 "
"1"," "
"1","9"
"1"," "
"1"," "
"1"," "
"1","1"
"1"," "
"1"," "
"1","enjoy"
"1"," "
"1"," "
"1","difficulty"
"1","
 "
"1"," "
"1","9"
"1"," "
"1"," "
"1"," "
"1","2"
"1"," "
"1"," "
"1","enjoy"
"1"," "
"1"," "
"1","difficulty"
"1","
 "
"1"," "
"1","9"
"1"," "
"1"," "
"1"," "
"1","3"
"1"," "
"1"," "
"1","enjoy"
"1"," "
"1"," "
"1","difficulty"
"1","
 "
"1"," "
"1","9"
"1"," "
"1"," "
"1"," "
"1","4"
"1"," "
"1"," "
"1","enjoy"
"1"," "
"1"," "
"1","difficulty"
"1","
 "
"1"," "
"1","9"
"1"," "
"1"," "
"1"," "
"1","5"
"1"," "
"1"," "
"1","enjoy"
"1"," "
"1"," "
"1","difficulty"
"1","
 "
"1"," "
"1","10"
"1"," "
"1"," "
"1"," "
"1","1"
"1"," "
"1"," "
"1","enjoy"
"1"," "
"1"," "
"1","difficulty"
"1","
 "
"1"," "
"1","10"
"1"," "
"1"," "
"1"," "
"1","2"
"1"," "
"1"," "
"1","enjoy"
"1"," "
"1"," "
"1","difficulty"
"1","
 "
"1"," "
"1","10"
"1"," "
"1"," "
"1"," "
"1","3"
"1"," "
"1"," "
"1","enjoy"
"1"," "
"1"," "
"1","difficulty"
"1","
 "
"1"," "
"1","10"
"1"," "
"1"," "
"1"," "
"1","4"
"1"," "
"1"," "
"1","enjoy"
"1"," "
"1"," "
"1","difficulty"
"1","
 "
"1"," "
"1","10"
"1"," "
"1"," "
"1"," "
"1","5"
"1"," "
"1"," "
"1","enjoy"
"1"," "
"1"," "
"1","difficulty"
"1","
 "
"1"," "
"1","11"
"1"," "
"1"," "
"1"," "
"1","1"
"1"," "
"1"," "
"1","enjoy"
"1"," "
"1"," "
"1","difficulty"
"1","
 "
"1"," "
"1","11"
"1"," "
"1"," "
"1"," "
"1","2"
"1"," "
"1"," "
"1","enjoy"
"1"," "
"1"," "
"1","difficulty"
"1","
 "
"1"," "
"1","11"
"1"," "
"1"," "
"1"," "
"1","3"
"1"," "
"1"," "
"1","enjoy"
"1"," "
"1"," "
"1","difficulty"
"1","
 "
"1"," "
"1","11"
"1"," "
"1"," "
"1"," "
"1","4"
"1"," "
"1"," "
"1","enjoy"
"1"," "
"1"," "
"1","difficulty"
"1","
 "
"1"," "
"1","11"
"1"," "
"1"," "
"1"," "
"1","5"
"1"," "
"1"," "
"1","enjoy"
"1"," "
"1"," "
"1","difficulty"
"1","
 "
"1"," "
"1","12"
"1"," "
"1"," "
"1"," "
"1","1"
"1"," "
"1"," "
"1","enjoy"
"1"," "
"1"," "
"1","difficulty"
"1","
 "
"1"," "
"1","12"
"1"," "
"1"," "
"1"," "
"1","2"
"1"," "
"1"," "
"1","enjoy"
"1"," "
"1"," "
"1","difficulty"
"1","
 "
"1"," "
"1","12"
"1"," "
"1"," "
"1"," "
"1","3"
"1"," "
"1"," "
"1","enjoy"
"1"," "
"1"," "
"1","difficulty"
"1","
 "
"1"," "
"1","12"
"1"," "
"1"," "
"1"," "
"1","4"
"1"," "
"1"," "
"1","enjoy"
"1"," "
"1"," "
"1","difficulty"
"1","
 "
"1"," "
"1","12"
"1"," "
"1"," "
"1"," "
"1","5"
"1"," "
"1"," "
"1","enjoy"
"1"," "
"1"," "
"1","difficulty"
"1","
 "
"1"," "
"1","13"
"1"," "
"1"," "
"1"," "
"1","1"
"1"," "
"1"," "
"1","enjoy"
"1"," "
"1"," "
"1","difficulty"
"1","
 "
"1"," "
"1","13"
"1"," "
"1"," "
"1"," "
"1","2"
"1"," "
"1"," "
"1","enjoy"
"1"," "
"1"," "
"1","difficulty"
"1","
 "
"1"," "
"1","13"
"1"," "
"1"," "
"1"," "
"1","3"
"1"," "
"1"," "
"1","enjoy"
"1"," "
"1"," "
"1","difficulty"
"1","
 "
"1"," "
"1","13"
"1"," "
"1"," "
"1"," "
"1","4"
"1"," "
"1"," "
"1","enjoy"
"1"," "
"1"," "
"1","difficulty"
"1","
 "
"1"," "
"1","13"
"1"," "
"1"," "
"1"," "
"1","5"
"1"," "
"1"," "
"1","enjoy"
"1"," "
"1"," "
"1","difficulty"
"1","
 "
"1"," "
"1","14"
"1"," "
"1"," "
"1"," "
"1","1"
"1"," "
"1"," "
"1","enjoy"
"1"," "
"1"," "
"1","difficulty"
"1","
 "
"1"," "
"1","14"
"1"," "
"1"," "
"1"," "
"1","2"
"1"," "
"1"," "
"1","enjoy"
"1"," "
"1"," "
"1","difficulty"
"1","
 "
"1"," "
"1","14"
"1"," "
"1"," "
"1"," "
"1","3"
"1"," "
"1"," "
"1","enjoy"
"1"," "
"1"," "
"1","difficulty"
"1","
 "
"1"," "
"1","14"
"1"," "
"1"," "
"1"," "
"1","4"
"1"," "
"1"," "
"1","enjoy"
"1"," "
"1"," "
"1","difficulty"
"1","
 "
"1"," "
"1","14"
"1"," "
"1"," "
"1"," "
"1","5"
"1"," "
"1"," "
"1","enjoy"
"1"," "
"1"," "
"1","difficulty"
"1","
 "
"1"," "
"1","15"
"1"," "
"1"," "
"1"," "
"1","1"
"1"," "
"1"," "
"1","enjoy"
"1"," "
"1"," "
"1","difficulty"
"1","
 "
"1"," "
"1","15"
"1"," "
"1"," "
"1"," "
"1","2"
"1"," "
"1"," "
"1","enjoy"
"1"," "
"1"," "
"1","difficulty"
"1","
 "
"1"," "
"1","15"
"1"," "
"1"," "
"1"," "
"1","3"
"1"," "
"1"," "
"1","enjoy"
"1"," "
"1"," "
"1","difficulty"
"1","
 "
"1"," "
"1","15"
"1"," "
"1"," "
"1"," "
"1","4"
"1"," "
"1"," "
"1","enjoy"
"1"," "
"1"," "
"1","difficulty"
"1","
 "
"1"," "
"1","15"
"1"," "
"1"," "
"1"," "
"1","5"
"1"," "
"1"," "
"1","enjoy"
"1"," "
"1"," "
"1","difficulty"
"1","
 "
"1"," "
"1","16"
"1"," "
"1"," "
"1"," "
"1","1"
"1"," "
"1"," "
"1","enjoy"
"1"," "
"1"," "
"1","difficulty"
"1","
 "
"1"," "
"1","16"
"1"," "
"1"," "
"1"," "
"1","2"
"1"," "
"1"," "
"1","enjoy"
"1"," "
"1"," "
"1","difficulty"
"1","
 "
"1"," "
"1","16"
"1"," "
"1"," "
"1"," "
"1","3"
"1"," "
"1"," "
"1","enjoy"
"1"," "
"1"," "
"1","difficulty"
"1","
 "
"1"," "
"1","16"
"1"," "
"1"," "
"1"," "
"1","4"
"1"," "
"1"," "
"1","enjoy"
"1"," "
"1"," "
"1","difficulty"
"1","
 "
"1"," "
"1","16"
"1"," "
"1"," "
"1"," "
"1","5"
"1"," "
"1"," "
"1","enjoy"
"1"," "
"1"," "
"1","difficulty"
"1","
 "
"1"," "
"1","17"
"1"," "
"1"," "
"1"," "
"1","1"
"1"," "
"1"," "
"1","enjoy"
"1"," "
"1"," "
"1","difficulty"
"1","
 "
"1"," "
"1","17"
"1"," "
"1"," "
"1"," "
"1","2"
"1"," "
"1"," "
"1","enjoy"
"1"," "
"1"," "
"1","difficulty"
"1","
 "
"1"," "
"1","17"
"1"," "
"1"," "
"1"," "
"1","3"
"1"," "
"1"," "
"1","enjoy"
"1"," "
"1"," "
"1","difficulty"
"1","
 "
"1"," "
"1","17"
"1"," "
"1"," "
"1"," "
"1","4"
"1"," "
"1"," "
"1","enjoy"
"1"," "
"1"," "
"1","difficulty"
"1","
 "
"1"," "
"1","17"
"1"," "
"1"," "
"1"," "
"1","5"
"1"," "
"1"," "
"1","enjoy"
"1"," "
"1"," "
"1","difficulty"
"1","
 "
"1"," "
"1","18"
"1"," "
"1"," "
"1"," "
"1","1"
"1"," "
"1"," "
"1","enjoy"
"1"," "
"1"," "
"1","difficulty"
"1","
 "
"1"," "
"1","18"
"1"," "
"1"," "
"1"," "
"1","2"
"1"," "
"1"," "
"1","enjoy"
"1"," "
"1"," "
"1","difficulty"
"1","
 "
"1"," "
"1","18"
"1"," "
"1"," "
"1"," "
"1","3"
"1"," "
"1"," "
"1","enjoy"
"1"," "
"1"," "
"1","difficulty"
"1","
 "
"1"," "
"1","18"
"1"," "
"1"," "
"1"," "
"1","4"
"1"," "
"1"," "
"1","enjoy"
"1"," "
"1"," "
"1","difficulty"
"1","
 "
"1"," "
"1","18"
"1"," "
"1"," "
"1"," "
"1","5"
"1"," "
"1"," "
"1","enjoy"
"1"," "
"1"," "
"1","difficulty"
"1","
 "
"1"," "
"1","19"
"1"," "
"1"," "
"1"," "
"1","1"
"1"," "
"1"," "
"1","enjoy"
"1"," "
"1"," "
"1","difficulty"
"1","
 "
"1"," "
"1","19"
"1"," "
"1"," "
"1"," "
"1","2"
"1"," "
"1"," "
"1","enjoy"
"1"," "
"1"," "
"1","difficulty"
"1","
 "
"1"," "
"1","19"
"1"," "
"1"," "
"1"," "
"1","3"
"1"," "
"1"," "
"1","enjoy"
"1"," "
"1"," "
"1","difficulty"
"1","
 "
"1"," "
"1","19"
"1"," "
"1"," "
"1"," "
"1","4"
"1"," "
"1"," "
"1","enjoy"
"1"," "
"1"," "
"1","difficulty"
"1","
 "
"1"," "
"1","19"
"1"," "
"1"," "
"1"," "
"1","5"
"1"," "
"1"," "
"1","enjoy"
"1"," "
"1"," "
"1","difficulty"
"1","
 "
"1"," "
"1","20"
"1"," "
"1"," "
"1"," "
"1","1"
"1"," "
"1"," "
"1","enjoy"
"1"," "
"1"," "
"1","difficulty"
"1","
 "
"1"," "
"1","20"
"1"," "
"1"," "
"1"," "
"1","2"
"1"," "
"1"," "
"1","enjoy"
"1"," "
"1"," "
"1","difficulty"
"1","
 "
"1"," "
"1","20"
"1"," "
"1"," "
"1"," "
"1","3"
"1"," "
"1"," "
"1","enjoy"
"1"," "
"1"," "
"1","difficulty"
"1","
 "
"1"," "
"1","20"
"1"," "
"1"," "
"1"," "
"1","4"
"1"," "
"1"," "
"1","enjoy"
"1"," "
"1"," "
"1","difficulty"
"1","
 "
"1"," "
"1","20"
"1"," "
"1"," "
"1"," "
"1","5"
"1"," "
"1"," "
"1","enjoy"
"1"," "
"1"," "
"1","difficulty"
"1","
 "
"1"," "
"1","21"
"1"," "
"1"," "
"1"," "
"1","1"
"1"," "
"1"," "
"1","enjoy"
"1"," "
"1"," "
"1","difficulty"
"1","
 "
"1"," "
"1","21"
"1"," "
"1"," "
"1"," "
"1","2"
"1"," "
"1"," "
"1","enjoy"
"1"," "
"1"," "
"1","difficulty"
"1","
 "
"1"," "
"1","21"
"1"," "
"1"," "
"1"," "
"1","3"
"1"," "
"1"," "
"1","enjoy"
"1"," "
"1"," "
"1","difficulty"
"1","
 "
"1"," "
"1","21"
"1"," "
"1"," "
"1"," "
"1","4"
"1"," "
"1"," "
"1","enjoy"
"1"," "
"1"," "
"1","difficulty"
"1","
 "
"1"," "
"1","21"
"1"," "
"1"," "
"1"," "
"1","5"
"1"," "
"1"," "
"1","enjoy"
"1"," "
"1"," "
"1","difficulty"
"1","
 "
"1"," "
"1","22"
"1"," "
"1"," "
"1"," "
"1","1"
"1"," "
"1"," "
"1","enjoy"
"1"," "
"1"," "
"1","difficulty"
"1","
 "
"1"," "
"1","22"
"1"," "
"1"," "
"1"," "
"1","2"
"1"," "
"1"," "
"1","enjoy"
"1"," "
"1"," "
"1","difficulty"
"1","
 "
"1"," "
"1","22"
"1"," "
"1"," "
"1"," "
"1","3"
"1"," "
"1"," "
"1","enjoy"
"1"," "
"1"," "
"1","difficulty"
"1","
 "
"1"," "
"1","22"
"1"," "
"1"," "
"1"," "
"1","4"
"1"," "
"1"," "
"1","enjoy"
"1"," "
"1"," "
"1","difficulty"
"1","
 "
"1"," "
"1","22"
"1"," "
"1"," "
"1"," "
"1","5"
"1"," "
"1"," "
"1","enjoy"
"1"," "
"1"," "
"1","difficulty"
"1","
 "
"1"," "
"1","23"
"1"," "
"1"," "
"1"," "
"1","1"
"1"," "
"1"," "
"1","enjoy"
"1"," "
"1"," "
"1","difficulty"
"1","
 "
"1"," "
"1","23"
"1"," "
"1"," "
"1"," "
"1","2"
"1"," "
"1"," "
"1","enjoy"
"1"," "
"1"," "
"1","difficulty"
"1","
 "
"1"," "
"1","23"
"1"," "
"1"," "
"1"," "
"1","3"
"1"," "
"1"," "
"1","enjoy"
"1"," "
"1"," "
"1","difficulty"
"1","
 "
"1"," "
"1","23"
"1"," "
"1"," "
"1"," "
"1","4"
"1"," "
"1"," "
"1","enjoy"
"1"," "
"1"," "
"1","difficulty"
"1","
 "
"1"," "
"1","23"
"1"," "
"1"," "
"1"," "
"1","5"
"1"," "
"1"," "
"1","enjoy"
"1"," "
"1"," "
"1","difficulty"
"1","
 "
"1"," "
"1","24"
"1"," "
"1"," "
"1"," "
"1","1"
"1"," "
"1"," "
"1","enjoy"
"1"," "
"1"," "
"1","difficulty"
"1","
 "
"1"," "
"1","24"
"1"," "
"1"," "
"1"," "
"1","2"
"1"," "
"1"," "
"1","enjoy"
"1"," "
"1"," "
"1","difficulty"
"1","
 "
"1"," "
"1","24"
"1"," "
"1"," "
"1"," "
"1","3"
"1"," "
"1"," "
"1","enjoy"
"1"," "
"1"," "
"1","difficulty"
"1","
 "
"1"," "
"1","24"
"1"," "
"1"," "
"1"," "
"1","4"
"1"," "
"1"," "
"1","enjoy"
"1"," "
"1"," "
"1","difficulty"
"1","
 "
"1"," "
"1","24"
"1"," "
"1"," "
"1"," "
"1","5"
"1"," "
"1"," "
"1","enjoy"
"1"," "
"1"," "
"1","difficulty"
"1","
 "
"1"," "
"1","25"
"1"," "
"1"," "
"1"," "
"1","1"
"1"," "
"1"," "
"1","enjoy"
"1"," "
"1"," "
"1","difficulty"
"1","
 "
"1"," "
"1","25"
"1"," "
"1"," "
"1"," "
"1","2"
"1"," "
"1"," "
"1","enjoy"
"1"," "
"1"," "
"1","difficulty"
"1","
 "
"1"," "
"1","25"
"1"," "
"1"," "
"1"," "
"1","3"
"1"," "
"1"," "
"1","enjoy"
"1"," "
"1"," "
"1","difficulty"
"1","
 "
"1"," "
"1","25"
"1"," "
"1"," "
"1"," "
"1","4"
"1"," "
"1"," "
"1","enjoy"
"1"," "
"1"," "
"1","difficulty"
"1","
 "
"1"," "
"1","25"
"1"," "
"1"," "
"1"," "
"1","5"
"1"," "
"1"," "
"1","enjoy"
"1"," "
"1"," "
"1","difficulty"
"1","
 "
"1"," "
"1","26"
"1"," "
"1"," "
"1"," "
"1","1"
"1"," "
"1"," "
"1","enjoy"
"1"," "
"1"," "
"1","difficulty"
"1","
 "
"1"," "
"1","26"
"1"," "
"1"," "
"1"," "
"1","2"
"1"," "
"1"," "
"1","enjoy"
"1"," "
"1"," "
"1","difficulty"
"1","
 "
"1"," "
"1","26"
"1"," "
"1"," "
"1"," "
"1","3"
"1"," "
"1"," "
"1","enjoy"
"1"," "
"1"," "
"1","difficulty"
"1","
 "
"1"," "
"1","26"
"1"," "
"1"," "
"1"," "
"1","4"
"1"," "
"1"," "
"1","enjoy"
"1"," "
"1"," "
"1","difficulty"
"1","
 "
"1"," "
"1","26"
"1"," "
"1"," "
"1"," "
"1","5"
"1"," "
"1"," "
"1","enjoy"
"1"," "
"1"," "
"1","difficulty"
"1","
 "
"1"," "
"1","27"
"1"," "
"1"," "
"1"," "
"1","1"
"1"," "
"1"," "
"1","enjoy"
"1"," "
"1"," "
"1","difficulty"
"1","
 "
"1"," "
"1","27"
"1"," "
"1"," "
"1"," "
"1","2"
"1"," "
"1"," "
"1","enjoy"
"1"," "
"1"," "
"1","difficulty"
"1","
 "
"1"," "
"1","27"
"1"," "
"1"," "
"1"," "
"1","3"
"1"," "
"1"," "
"1","enjoy"
"1"," "
"1"," "
"1","difficulty"
"1","
 "
"1"," "
"1","27"
"1"," "
"1"," "
"1"," "
"1","4"
"1"," "
"1"," "
"1","enjoy"
"1"," "
"1"," "
"1","difficulty"
"1","
 "
"1"," "
"1","27"
"1"," "
"1"," "
"1"," "
"1","5"
"1"," "
"1"," "
"1","enjoy"
"1"," "
"1"," "
"1","difficulty"
"1","
 "
"1"," "
"1","28"
"1"," "
"1"," "
"1"," "
"1","1"
"1"," "
"1"," "
"1","enjoy"
"1"," "
"1"," "
"1","difficulty"
"1","
 "
"1"," "
"1","28"
"1"," "
"1"," "
"1"," "
"1","2"
"1"," "
"1"," "
"1","enjoy"
"1"," "
"1"," "
"1","difficulty"
"1","
 "
"1"," "
"1","28"
"1"," "
"1"," "
"1"," "
"1","3"
"1"," "
"1"," "
"1","enjoy"
"1"," "
"1"," "
"1","difficulty"
"1","
 "
"1"," "
"1","28"
"1"," "
"1"," "
"1"," "
"1","4"
"1"," "
"1"," "
"1","enjoy"
"1"," "
"1"," "
"1","difficulty"
"1","
 "
"1"," "
"1","28"
"1"," "
"1"," "
"1"," "
"1","5"
"1"," "
"1"," "
"1","enjoy"
"1"," "
"1"," "
"1","difficulty"
"1","
 "
"1"," "
"1","29"
"1"," "
"1"," "
"1"," "
"1","1"
"1"," "
"1"," "
"1","enjoy"
"1"," "
"1"," "
"1","difficulty"
"1","
 "
"1"," "
"1","29"
"1"," "
"1"," "
"1"," "
"1","2"
"1"," "
"1"," "
"1","enjoy"
"1"," "
"1"," "
"1","difficulty"
"1","
 "
"1"," "
"1","29"
"1"," "
"1"," "
"1"," "
"1","3"
"1"," "
"1"," "
"1","enjoy"
"1"," "
"1"," "
"1","difficulty"
"1","
 "
"1"," "
"1","29"
"1"," "
"1"," "
"1"," "
"1","4"
"1"," "
"1"," "
"1","enjoy"
"1"," "
"1"," "
"1","difficulty"
"1","
 "
"1"," "
"1","29"
"1"," "
"1"," "
"1"," "
"1","5"
"1"," "
"1"," "
"1","enjoy"
"1"," "
"1"," "
"1","difficulty"
"1","
 "
"1"," "
"1","30"
"1"," "
"1"," "
"1"," "
"1","1"
"1"," "
"1"," "
"1","enjoy"
"1"," "
"1"," "
"1","difficulty"
"1","
 "
"1"," "
"1","30"
"1"," "
"1"," "
"1"," "
"1","2"
"1"," "
"1"," "
"1","enjoy"
"1"," "
"1"," "
"1","difficulty"
"1","
 "
"1"," "
"1","30"
"1"," "
"1"," "
"1"," "
"1","3"
"1"," "
"1"," "
"1","enjoy"
"1"," "
"1"," "
"1","difficulty"
"1","
 "
"1"," "
"1","30"
"1"," "
"1"," "
"1"," "
"1","4"
"1"," "
"1"," "
"1","enjoy"
"1"," "
"1"," "
"1","difficulty"
"1","
 "
"1"," "
"1","30"
"1"," "
"1"," "
"1"," "
"1","5"
"1"," "
"1"," "
"1","enjoy"
"1"," "
"1"," "
"1","difficulty"
"1","
 "
"1"," "
"1","31"
"1"," "
"1"," "
"1"," "
"1","1"
"1"," "
"1"," "
"1","enjoy"
"1"," "
"1"," "
"1","difficulty"
"1","
 "
"1"," "
"1","31"
"1"," "
"1"," "
"1"," "
"1","2"
"1"," "
"1"," "
"1","enjoy"
"1"," "
"1"," "
"1","difficulty"
"1","
 "
"1"," "
"1","31"
"1"," "
"1"," "
"1"," "
"1","3"
"1"," "
"1"," "
"1","enjoy"
"1"," "
"1"," "
"1","difficulty"
"1","
 "
"1"," "
"1","31"
"1"," "
"1"," "
"1"," "
"1","4"
"1"," "
"1"," "
"1","enjoy"
"1"," "
"1"," "
"1","difficulty"
"1","
 "
"1"," "
"1","31"
"1"," "
"1"," "
"1"," "
"1","5"
"1"," "
"1"," "
"1","enjoy"
"1"," "
"1"," "
"1","difficulty"
"1","
 "
"1"," "
"1","32"
"1"," "
"1"," "
"1"," "
"1","1"
"1"," "
"1"," "
"1","enjoy"
"1"," "
"1"," "
"1","difficulty"
"1","
 "
"1"," "
"1","32"
"1"," "
"1"," "
"1"," "
"1","2"
"1"," "
"1"," "
"1","enjoy"
"1"," "
"1"," "
"1","difficulty"
"1","
 "
"1"," "
"1","32"
"1"," "
"1"," "
"1"," "
"1","3"
"1"," "
"1"," "
"1","enjoy"
"1"," "
"1"," "
"1","difficulty"
"1","
 "
"1"," "
"1","32"
"1"," "
"1"," "
"1"," "
"1","4"
"1"," "
"1"," "
"1","enjoy"
"1"," "
"1"," "
"1","difficulty"
"1","
 "
"1"," "
"1","32"
"1"," "
"1"," "
"1"," "
"1","5"
"1"," "
"1"," "
"1","enjoy"
"1"," "
"1"," "
"1","difficulty"
"1","
 "
"1"," "
"1","33"
"1"," "
"1"," "
"1"," "
"1","1"
"1"," "
"1"," "
"1","enjoy"
"1"," "
"1"," "
"1","difficulty"
"1","
 "
"1"," "
"1","33"
"1"," "
"1"," "
"1"," "
"1","2"
"1"," "
"1"," "
"1","enjoy"
"1"," "
"1"," "
"1","difficulty"
"1","
 "
"1"," "
"1","33"
"1"," "
"1"," "
"1"," "
"1","3"
"1"," "
"1"," "
"1","enjoy"
"1"," "
"1"," "
"1","difficulty"
"1","
 "
"1"," "
"1","33"
"1"," "
"1"," "
"1"," "
"1","4"
"1"," "
"1"," "
"1","enjoy"
"1"," "
"1"," "
"1","difficulty"
"1","
 "
"1"," "
"1","33"
"1"," "
"1"," "
"1"," "
"1","5"
"1"," "
"1"," "
"1","enjoy"
"1"," "
"1"," "
"1","difficulty"
"1","
 "
"1"," "
"1","34"
"1"," "
"1"," "
"1"," "
"1","1"
"1"," "
"1"," "
"1","enjoy"
"1"," "
"1"," "
"1","difficulty"
"1","
 "
"1"," "
"1","34"
"1"," "
"1"," "
"1"," "
"1","2"
"1"," "
"1"," "
"1","enjoy"
"1"," "
"1"," "
"1","difficulty"
"1","
 "
"1"," "
"1","34"
"1"," "
"1"," "
"1"," "
"1","3"
"1"," "
"1"," "
"1","enjoy"
"1"," "
"1"," "
"1","difficulty"
"1","
 "
"1"," "
"1","34"
"1"," "
"1"," "
"1"," "
"1","4"
"1"," "
"1"," "
"1","enjoy"
"1"," "
"1"," "
"1","difficulty"
"1","
 "
"1"," "
"1","34"
"1"," "
"1"," "
"1"," "
"1","5"
"1"," "
"1"," "
"1","enjoy"
"1"," "
"1"," "
"1","difficulty"
"1","
 "
"1"," "
"1","35"
"1"," "
"1"," "
"1"," "
"1","1"
"1"," "
"1"," "
"1","enjoy"
"1"," "
"1"," "
"1","difficulty"
"1","
 "
"1"," "
"1","35"
"1"," "
"1"," "
"1"," "
"1","2"
"1"," "
"1"," "
"1","enjoy"
"1"," "
"1"," "
"1","difficulty"
"1","
 "
"1"," "
"1","35"
"1"," "
"1"," "
"1"," "
"1","3"
"1"," "
"1"," "
"1","enjoy"
"1"," "
"1"," "
"1","difficulty"
"1","
 "
"1"," "
"1","35"
"1"," "
"1"," "
"1"," "
"1","4"
"1"," "
"1"," "
"1","enjoy"
"1"," "
"1"," "
"1","difficulty"
"1","
 "
"1"," "
"1","35"
"1"," "
"1"," "
"1"," "
"1","5"
"1"," "
"1"," "
"1","enjoy"
"1"," "
"1"," "
"1","difficulty"
"1","
 "
"1"," "
"1","36"
"1"," "
"1"," "
"1"," "
"1","1"
"1"," "
"1"," "
"1","enjoy"
"1"," "
"1"," "
"1","difficulty"
"1","
 "
"1"," "
"1","36"
"1"," "
"1"," "
"1"," "
"1","2"
"1"," "
"1"," "
"1","enjoy"
"1"," "
"1"," "
"1","difficulty"
"1","
 "
"1"," "
"1","36"
"1"," "
"1"," "
"1"," "
"1","3"
"1"," "
"1"," "
"1","enjoy"
"1"," "
"1"," "
"1","difficulty"
"1","
 "
"1"," "
"1","36"
"1"," "
"1"," "
"1"," "
"1","4"
"1"," "
"1"," "
"1","enjoy"
"1"," "
"1"," "
"1","difficulty"
"1","
 "
"1"," "
"1","36"
"1"," "
"1"," "
"1"," "
"1","5"
"1"," "
"1"," "
"1","enjoy"
"1"," "
"1"," "
"1","difficulty"
"1","
 "
"1"," "
"1","37"
"1"," "
"1"," "
"1"," "
"1","1"
"1"," "
"1"," "
"1","enjoy"
"1"," "
"1"," "
"1","difficulty"
"1","
 "
"1"," "
"1","37"
"1"," "
"1"," "
"1"," "
"1","2"
"1"," "
"1"," "
"1","enjoy"
"1"," "
"1"," "
"1","difficulty"
"1","
 "
"1"," "
"1","37"
"1"," "
"1"," "
"1"," "
"1","3"
"1"," "
"1"," "
"1","enjoy"
"1"," "
"1"," "
"1","difficulty"
"1","
 "
"1"," "
"1","37"
"1"," "
"1"," "
"1"," "
"1","4"
"1"," "
"1"," "
"1","enjoy"
"1"," "
"1"," "
"1","difficulty"
"1","
 "
"1"," "
"1","37"
"1"," "
"1"," "
"1"," "
"1","5"
"1"," "
"1"," "
"1","enjoy"
"1"," "
"1"," "
"1","difficulty"
"1","
 "
"1"," "
"1","38"
"1"," "
"1"," "
"1"," "
"1","1"
"1"," "
"1"," "
"1","enjoy"
"1"," "
"1"," "
"1","difficulty"
"1","
 "
"1"," "
"1","38"
"1"," "
"1"," "
"1"," "
"1","2"
"1"," "
"1"," "
"1","enjoy"
"1"," "
"1"," "
"1","difficulty"
"1","
 "
"1"," "
"1","38"
"1"," "
"1"," "
"1"," "
"1","3"
"1"," "
"1"," "
"1","enjoy"
"1"," "
"1"," "
"1","difficulty"
"1","
 "
"1"," "
"1","38"
"1"," "
"1"," "
"1"," "
"1","4"
"1"," "
"1"," "
"1","enjoy"
"1"," "
"1"," "
"1","difficulty"
"1","
 "
"1"," "
"1","38"
"1"," "
"1"," "
"1"," "
"1","5"
"1"," "
"1"," "
"1","enjoy"
"1"," "
"1"," "
"1","difficulty"
"1","
 "
"1"," "
"1","39"
"1"," "
"1"," "
"1"," "
"1","1"
"1"," "
"1"," "
"1","enjoy"
"1"," "
"1"," "
"1","difficulty"
"1","
 "
"1"," "
"1","39"
"1"," "
"1"," "
"1"," "
"1","2"
"1"," "
"1"," "
"1","enjoy"
"1"," "
"1"," "
"1","difficulty"
"1","
 "
"1"," "
"1","39"
"1"," "
"1"," "
"1"," "
"1","3"
"1"," "
"1"," "
"1","enjoy"
"1"," "
"1"," "
"1","difficulty"
"1","
 "
"1"," "
"1","39"
"1"," "
"1"," "
"1"," "
"1","4"
"1"," "
"1"," "
"1","enjoy"
"1"," "
"1"," "
"1","difficulty"
"1","
 "
"1"," "
"1","39"
"1"," "
"1"," "
"1"," "
"1","5"
"1"," "
"1"," "
"1","enjoy"
"1"," "
"1"," "
"1","difficulty"
"1","
 "
"1"," "
"1","40"
"1"," "
"1"," "
"1"," "
"1","1"
"1"," "
"1"," "
"1","enjoy"
"1"," "
"1"," "
"1","difficulty"
"1","
 "
"1"," "
"1","40"
"1"," "
"1"," "
"1"," "
"1","2"
"1"," "
"1"," "
"1","enjoy"
"1"," "
"1"," "
"1","difficulty"
"1","
 "
"1"," "
"1","40"
"1"," "
"1"," "
"1"," "
"1","3"
"1"," "
"1"," "
"1","enjoy"
"1"," "
"1"," "
"1","difficulty"
"1","
 "
"1"," "
"1","40"
"1"," "
"1"," "
"1"," "
"1","4"
"1"," "
"1"," "
"1","enjoy"
"1"," "
"1"," "
"1","difficulty"
"1","
 "
"1"," "
"1","40"
"1"," "
"1"," "
"1"," "
"1","5"
"1"," "
"1"," "
"1","enjoy"
"1"," "
"1"," "
"1","difficulty"
"1","
 "
"1"," "
"1","41"
"1"," "
"1"," "
"1"," "
"1","1"
"1"," "
"1"," "
"1","enjoy"
"1"," "
"1"," "
"1","difficulty"
"1","
 "
"1"," "
"1","41"
"1"," "
"1"," "
"1"," "
"1","2"
"1"," "
"1"," "
"1","enjoy"
"1"," "
"1"," "
"1","difficulty"
"1","
 "
"1"," "
"1","41"
"1"," "
"1"," "
"1"," "
"1","3"
"1"," "
"1"," "
"1","enjoy"
"1"," "
"1"," "
"1","difficulty"
"1","
 "
"1"," "
"1","41"
"1"," "
"1"," "
"1"," "
"1","4"
"1"," "
"1"," "
"1","enjoy"
"1"," "
"1"," "
"1","difficulty"
"1","
 "
"1"," "
"1","41"
"1"," "
"1"," "
"1"," "
"1","5"
"1"," "
"1"," "
"1","enjoy"
"1"," "
"1"," "
"1","difficulty"
"1","
 "
"1"," "
"1","42"
"1"," "
"1"," "
"1"," "
"1","1"
"1"," "
"1"," "
"1","enjoy"
"1"," "
"1"," "
"1","difficulty"
"1","
 "
"1"," "
"1","42"
"1"," "
"1"," "
"1"," "
"1","2"
"1"," "
"1"," "
"1","enjoy"
"1"," "
"1"," "
"1","difficulty"
"1","
 "
"1"," "
"1","42"
"1"," "
"1"," "
"1"," "
"1","3"
"1"," "
"1"," "
"1","enjoy"
"1"," "
"1"," "
"1","difficulty"
"1","
 "
"1"," "
"1","42"
"1"," "
"1"," "
"1"," "
"1","4"
"1"," "
"1"," "
"1","enjoy"
"1"," "
"1"," "
"1","difficulty"
"1","
 "
"1"," "
"1","42"
"1"," "
"1"," "
"1"," "
"1","5"
"1"," "
"1"," "
"1","enjoy"
"1"," "
"1"," "
"1","difficulty"
"1","
 "
"1"," "
"1","43"
"1"," "
"1"," "
"1"," "
"1","1"
"1"," "
"1"," "
"1","enjoy"
"1"," "
"1"," "
"1","difficulty"
"1","
 "
"1"," "
"1","43"
"1"," "
"1"," "
"1"," "
"1","2"
"1"," "
"1"," "
"1","enjoy"
"1"," "
"1"," "
"1","difficulty"
"1","
 "
"1"," "
"1","43"
"1"," "
"1"," "
"1"," "
"1","3"
"1"," "
"1"," "
"1","enjoy"
"1"," "
"1"," "
"1","difficulty"
"1","
 "
"1"," "
"1","43"
"1"," "
"1"," "
"1"," "
"1","4"
"1"," "
"1"," "
"1","enjoy"
"1"," "
"1"," "
"1","difficulty"
"1","
 "
"1"," "
"1","43"
"1"," "
"1"," "
"1"," "
"1","5"
"1"," "
"1"," "
"1","enjoy"
"1"," "
"1"," "
"1","difficulty"
"1","
 "
"1"," "
"1","44"
"1"," "
"1"," "
"1"," "
"1","1"
"1"," "
"1"," "
"1","enjoy"
"1"," "
"1"," "
"1","difficulty"
"1","
 "
"1"," "
"1","44"
"1"," "
"1"," "
"1"," "
"1","2"
"1"," "
"1"," "
"1","enjoy"
"1"," "
"1"," "
"1","difficulty"
"1","
 "
"1"," "
"1","44"
"1"," "
"1"," "
"1"," "
"1","3"
"1"," "
"1"," "
"1","enjoy"
"1"," "
"1"," "
"1","difficulty"
"1","
 "
"1"," "
"1","44"
"1"," "
"1"," "
"1"," "
"1","4"
"1"," "
"1"," "
"1","enjoy"
"1"," "
"1"," "
"1","difficulty"
"1","
 "
"1"," "
"1","44"
"1"," "
"1"," "
"1"," "
"1","5"
"1"," "
"1"," "
"1","enjoy"
"1"," "
"1"," "
"1","difficulty"
"1","
 "
"1"," "
"1","45"
"1"," "
"1"," "
"1"," "
"1","1"
"1"," "
"1"," "
"1","enjoy"
"1"," "
"1"," "
"1","difficulty"
"1","
 "
"1"," "
"1","45"
"1"," "
"1"," "
"1"," "
"1","2"
"1"," "
"1"," "
"1","enjoy"
"1"," "
"1"," "
"1","difficulty"
"1","
 "
"1"," "
"1","45"
"1"," "
"1"," "
"1"," "
"1","3"
"1"," "
"1"," "
"1","enjoy"
"1"," "
"1"," "
"1","difficulty"
"1","
 "
"1"," "
"1","45"
"1"," "
"1"," "
"1"," "
"1","4"
"1"," "
"1"," "
"1","enjoy"
"1"," "
"1"," "
"1","difficulty"
"1","
 "
"1"," "
"1","45"
"1"," "
"1"," "
"1"," "
"1","5"
"1"," "
"1"," "
"1","enjoy"
"1"," "
"1"," "
"1","difficulty"
"1","
 "
"1"," "
"1","46"
"1"," "
"1"," "
"1"," "
"1","1"
"1"," "
"1"," "
"1","enjoy"
"1"," "
"1"," "
"1","difficulty"
"1","
 "
"1"," "
"1","46"
"1"," "
"1"," "
"1"," "
"1","2"
"1"," "
"1"," "
"1","enjoy"
"1"," "
"1"," "
"1","difficulty"
"1","
 "
"1"," "
"1","46"
"1"," "
"1"," "
"1"," "
"1","3"
"1"," "
"1"," "
"1","enjoy"
"1"," "
"1"," "
"1","difficulty"
"1","
 "
"1"," "
"1","46"
"1"," "
"1"," "
"1"," "
"1","4"
"1"," "
"1"," "
"1","enjoy"
"1"," "
"1"," "
"1","difficulty"
"1","
 "
"1"," "
"1","46"
"1"," "
"1"," "
"1"," "
"1","5"
"1"," "
"1"," "
"1","enjoy"
"1"," "
"1"," "
"1","difficulty"
"1","
 "
"1"," "
"1","47"
"1"," "
"1"," "
"1"," "
"1","1"
"1"," "
"1"," "
"1","enjoy"
"1"," "
"1"," "
"1","difficulty"
"1","
 "
"1"," "
"1","47"
"1"," "
"1"," "
"1"," "
"1","2"
"1"," "
"1"," "
"1","enjoy"
"1"," "
"1"," "
"1","difficulty"
"1","
 "
"1"," "
"1","47"
"1"," "
"1"," "
"1"," "
"1","3"
"1"," "
"1"," "
"1","enjoy"
"1"," "
"1"," "
"1","difficulty"
"1","
 "
"1"," "
"1","47"
"1"," "
"1"," "
"1"," "
"1","4"
"1"," "
"1"," "
"1","enjoy"
"1"," "
"1"," "
"1","difficulty"
"1","
 "
"1"," "
"1","47"
"1"," "
"1"," "
"1"," "
"1","5"
"1"," "
"1"," "
"1","enjoy"
"1"," "
"1"," "
"1","difficulty"
"1","
 "
"1"," "
"1","48"
"1"," "
"1"," "
"1"," "
"1","1"
"1"," "
"1"," "
"1","enjoy"
"1"," "
"1"," "
"1","difficulty"
"1","
 "
"1"," "
"1","48"
"1"," "
"1"," "
"1"," "
"1","2"
"1"," "
"1"," "
"1","enjoy"
"1"," "
"1"," "
"1","difficulty"
"1","
 "
"1"," "
"1","48"
"1"," "
"1"," "
"1"," "
"1","3"
"1"," "
"1"," "
"1","enjoy"
"1"," "
"1"," "
"1","difficulty"
"1","
 "
"1"," "
"1","48"
"1"," "
"1"," "
"1"," "
"1","4"
"1"," "
"1"," "
"1","enjoy"
"1"," "
"1"," "
"1","difficulty"
"1","
 "
"1"," "
"1","48"
"1"," "
"1"," "
"1"," "
"1","5"
"1"," "
"1"," "
"1","enjoy"
"1"," "
"1"," "
"1","difficulty"
"1","
 "
"1"," "
"1","49"
"1"," "
"1"," "
"1"," "
"1","1"
"1"," "
"1"," "
"1","enjoy"
"1"," "
"1"," "
"1","difficulty"
"1","
 "
"1"," "
"1","49"
"1"," "
"1"," "
"1"," "
"1","2"
"1"," "
"1"," "
"1","enjoy"
"1"," "
"1"," "
"1","difficulty"
"1","
 "
"1"," "
"1","49"
"1"," "
"1"," "
"1"," "
"1","3"
"1"," "
"1"," "
"1","enjoy"
"1"," "
"1"," "
"1","difficulty"
"1","
 "
"1"," "
"1","49"
"1"," "
"1"," "
"1"," "
"1","4"
"1"," "
"1"," "
"1","enjoy"
"1"," "
"1"," "
"1","difficulty"
"1","
 "
"1"," "
"1","49"
"1"," "
"1"," "
"1"," "
"1","5"
"1"," "
"1"," "
"1","enjoy"
"1"," "
"1"," "
"1","difficulty"
"1","
 "
"1"," "
"1","50"
"1"," "
"1"," "
"1"," "
"1","1"
"1"," "
"1"," "
"1","enjoy"
"1"," "
"1"," "
"1","difficulty"
"1","
 "
"1"," "
"1","50"
"1"," "
"1"," "
"1"," "
"1","2"
"1"," "
"1"," "
"1","enjoy"
"1"," "
"1"," "
"1","difficulty"
"1","
 "
"1"," "
"1","50"
"1"," "
"1"," "
"1"," "
"1","3"
"1"," "
"1"," "
"1","enjoy"
"1"," "
"1"," "
"1","difficulty"
"1","
 "
"1"," "
"1","50"
"1"," "
"1"," "
"1"," "
"1","4"
"1"," "
"1"," "
"1","enjoy"
"1"," "
"1"," "
"1","difficulty"
"1","
 "
"1"," "
"1","50"
"1"," "
"1"," "
"1"," "
"1","5"
"1"," "
"1"," "
"1","enjoy"
"1"," "
"1"," "
"1","difficulty"
"1","
"
"2","警告： Number of logged events: 2"
"1","
Missing values after imputation:
"
"1","        id "
"1","      week "
"1","      date "
"1","     enjoy "
"1","difficulty "
"1","
"
"1","         0 "
"1","         0 "
"1","         0 "
"1","         0 "
"1","         0 "
"1","
"
"0","# 4. Final data"
"0","cat(""\nFinal dataset structure:\n"")"
"1","
Final dataset structure:
"
"0","str(data_final)"
"1","'data.frame':	"
"1",""
"1","276"
"1",""
"1"," obs. of  "
"1",""
"1","5"
"1",""
"1"," variable"
"1",""
"1","s"
"1",""
"1",":"
"1",""
"1","
"
"1"," "
"1",""
"1","$ "
"1",""
"1","id        "
"1",""
"1",":"
"1"," chr  "
"1",""
"1","""Anon1"" ""Anonymous ID"" ""Anonymous ID2"" ""Catling"""
"1",""
"1"," ..."
"1",""
"1","
"
"1"," "
"1",""
"1","$ "
"1",""
"1","week      "
"1",""
"1",":"
"1"," int  "
"1",""
"1","1 1 1 1 1 1 1 1 1 1"
"1",""
"1"," ..."
"1",""
"1","
"
"1"," "
"1",""
"1","$ "
"1",""
"1","date      "
"1",""
"1",":"
"1"," chr  "
"1",""
"1","""2025-02-03"" ""2025-02-03"" ""2025-02-03"" ""2025-02-03"""
"1",""
"1"," ..."
"1",""
"1","
"
"1"," "
"1",""
"1","$ "
"1",""
"1","enjoy     "
"1",""
"1",":"
"1"," num  "
"1",""
"1","0.998 0.888 0.66 0.963 0.734"
"1",""
"1"," ..."
"1",""
"1","
"
"1"," "
"1",""
"1","$ "
"1",""
"1","difficulty"
"1",""
"1",":"
"1"," num  "
"1",""
"1","0.2493 0.3448 0.7031 0.4181 0.0978"
"1",""
"1"," ..."
"1",""
"1","
"
"0","write.csv(data_final, ""data_final_tidy_imputed.csv"", row.names = FALSE)"
"0","cat(""\nFinal dataset saved as 'data_final_tidy_imputed.csv'\n"")"
"1","
Final dataset saved as 'data_final_tidy_imputed.csv'
"
"0","# 顯示前幾行"
"0","head(data_final)"
